,Name,Sport,Trainer,Distance,Workout_Type
2014-01-05,Windsor Ride,Ride,False,92397.20 m,
2014-01-07,Turbo intervals,Ride,True,36335.00 m,
2014-01-09,"09/01/2014 Richmond, Greater London, United Kingdom",Run,False,3681.70 m,0
2014-01-11,"11/01/2014 Richmond, Greater London, United Kingdom",Ride,False,68064.20 m,
2014-01-12,Surrey Hills with Jamie,Ride,False,105719.00 m,
2014-01-14,Turbo 2x20mins,Ride,True,34861.50 m,
2014-01-15,"15/01/2014 London, UK, England, United Kingdom",Run,False,4545.80 m,0
2014-01-18,Shere short ride,Ride,False,27908.70 m,
2014-01-19,Richmond park couple of laps with Garmin Vectors,Ride,False,29132.60 m,
2014-01-21,Turbo 8: 3x15mins increasing cadence,Ride,True,38628.00 m,0
2014-01-23,"23/01/2014 Richmond, Greater London, United Kingdom",Run,False,5098.30 m,0
2014-01-25,"25/01/2014 Richmond, Greater London, United Kingdom",Ride,False,40827.10 m,
2014-01-26,"26/01/2014 Brentford, England, United Kingdom",Ride,False,27620.50 m,
2014-01-27,"27/01/2014 Richmond, Greater London, United Kingdom",Run,False,6605.40 m,0
2014-01-28,Turbo 2x20mins,Ride,True,39124.50 m,
2014-01-30,"30/01/2014 Richmond, England, United Kingdom",Run,False,9112.30 m,0
2014-02-01,Ride to Hillingdon,Ride,False,16321.60 m,
2014-02-02,Walton Bridge on P3,Ride,False,44801.30 m,0
2014-02-06,Barnes jog,Run,False,6579.60 m,0
2014-02-08,London Dynamo Longcross race,Ride,False,79174.00 m,0
2014-02-09,Richmond Park easy lap,Run,False,11585.00 m,0
2014-02-11,Turbo 2x20mins @ 300W,Ride,True,37687.60 m,
2014-02-13,"13/02/2014 Richmond, Greater London, United Kingdom",Run,False,7011.30 m,0
2014-02-15,London Dynamos Handicap race,Ride,False,80722.40 m,
2014-02-16,Surrey Hills with Jamie,Ride,False,89707.90 m,
2014-02-19,"19/02/2014 Richmond, Greater London, United Kingdom",Run,False,7980.40 m,0
2014-02-22,"22/02/2014 Palma De Mallorca, PM, Spain",Ride,False,69462.10 m,
2014-02-23,Mallorca day 2 Palma to Petra and back,Ride,False,133586.00 m,
2014-02-24,"Mallorca day 3, over the hill to Soller and back",Ride,False,131127.00 m,0
2014-02-25,"Mallorca day 4, Inca loop",Ride,False,105624.00 m,0
2014-02-26,"Mallorca day 5, recovery ride with Nicky",Ride,False,48046.40 m,
2014-02-27,"Mallorca day 6, big ride to Sa Calobra and back",Ride,False,155682.00 m,
2014-02-28,"Mallorca day 7, easy ride",Ride,False,79841.50 m,0
2014-03-01,"Mallorca day 8, ride up the island to Pollença",Ride,False,145799.00 m,0
2014-03-02,"Mallorca day 9, ride out to Formentor",Ride,False,80434.30 m,0
2014-03-08,Dunsfold 3rds - 3rd place,Ride,False,84944.20 m,
2014-03-09,Surrey Hills short with Jamie,Ride,False,92918.60 m,
2014-03-11,Turbo 2x20mins,Ride,True,38171.70 m,
2014-03-12,Richmond Park easy lap,Run,False,10811.40 m,0
2014-03-15,"Bayeux Race 1, Newick, 28th place",Ride,False,100281.00 m,0
2014-03-16,Kingston to Windsor cruise on TT bike,Ride,False,67678.40 m,0
2014-03-18,Turbo simulated crit race,Ride,True,32500.00 m,0
2014-03-19,Barnes jog,Run,False,6232.80 m,0
2014-03-21,Richmond Park hailstorm,Ride,False,29013.00 m,
2014-03-22,Dynamos 1st group,Ride,False,53560.00 m,
2014-03-23,Surrey Hills on P3 with Jamie,Ride,False,84829.90 m,
2014-03-26,"26/03/2014 London, England, United Kingdom",Run,False,9078.00 m,
2014-03-29,"29/03/2014 Richmond, Greater London, United Kingdom",Ride,False,39690.80 m,
2014-03-30,"30/03/2014 Richmond, Greater London, United Kingdom",Ride,False,59069.90 m,
2014-04-01,Richmond Park single lap TT,Ride,False,18948.70 m,
2014-04-02,Richmond Park jog,Run,False,6668.00 m,0
2014-04-05,Dynamos a couple of laps,Ride,False,28849.30 m,
2014-04-06,"06/04/2014 Richmond, Greater London, United Kingdom",Ride,False,39689.70 m,
2014-04-10,Richmond Park a couple of laps with Dave and Rob,Ride,False,28943.50 m,0
2014-04-12,Time Trial H25/8 57:00 windy (power not working),Ride,False,40368.60 m,0
2014-04-13,Oxford solo marathon,Ride,False,231393.00 m,
2014-04-14,Richmond Park couple of laps easy,Ride,False,30278.00 m,
2014-04-15,Richmond Park easy lap,Run,False,11565.50 m,0
2014-04-16,Surrey Hills solo easy pace,Ride,False,105404.00 m,
2014-04-17,"17/04/2014 Richmond, Greater London, United Kingdom",Ride,False,29080.40 m,
2014-04-18,"18/04/2014 Richmond, Greater London, United Kingdom",Ride,False,18139.50 m,
2014-04-19,"SERRL Stage 2, disappointing race, dropped on 2nd lap",Ride,False,79696.00 m,
2014-04-20,Richmond Park jog,Run,False,3915.90 m,0
2014-04-21,Dynamos Surrey Hills,Ride,False,115176.00 m,0
2014-04-24,Couple of Nightingale Lanes,Ride,False,22733.30 m,
2014-04-26,Short pre-race spin with Jamie,Ride,False,25861.50 m,
2014-04-27,Milland Hill Race - OK but didn't have the legs on the final hill,Ride,False,84004.60 m,
2014-04-29,Richmond Park 3 laps in the evening,Ride,False,39823.70 m,
2014-04-30,"4/30/14 London, England, United Kingdom",Run,False,6648.40 m,0
2014-05-03,"5/3/14 Richmond, Greater London, United Kingdom",Ride,False,49708.00 m,
2014-05-04,Surrey Hills Solo,Ride,False,114209.00 m,0
2014-05-05,"5/5/14 Hampton, England, United Kingdom",Run,False,9896.10 m,0
2014-05-07,EWNR,Ride,False,50899.60 m,
2014-05-10,"Bayeaux Race 2, Beachy Head (WINDY and raining)",Ride,False,93743.60 m,
2014-05-13,Richmond Park jog,Run,False,7374.60 m,0
2014-05-14,EWNR,Ride,False,39821.70 m,
2014-05-15,Walton Bridge TT,Ride,False,47100.70 m,
2014-05-17,"17/05/2014 Richmond, Greater London, United Kingdom",Ride,False,29316.40 m,
2014-05-18,LVRC National Road Race about 10th,Ride,False,89035.10 m,0
2014-05-20,Richmond Park jog,Run,False,9507.30 m,0
2014-05-22,Simulated Crit Race,Ride,True,32500.00 m,
2014-05-24,H10/8 Time Trial 21:42,Ride,False,16295.70 m,
2014-05-25,Easy ride with Jamie,Ride,False,35982.60 m,
2014-05-26,Richmond MTB,Ride,False,25348.10 m,
2014-05-27,Turbo 13 @ 280,Ride,True,34000.00 m,
2014-05-29,Barnes jog,Run,False,6783.00 m,0
2014-05-31,Dynamos 1st group,Ride,False,52746.60 m,
2014-06-01,Windsor ride with Optima,Ride,False,89792.70 m,
2014-06-03,Turbo 2x20mins @ 280W,Ride,True,35800.00 m,
2014-06-06,Lunch Ride,Ride,False,6022.10 m,0
2014-06-07,British Masters - bad race,Ride,False,119663.00 m,
2014-06-08,Richmond Park easy,Ride,False,28851.00 m,
2014-06-10,Evening ride to Claygate,Ride,False,47394.20 m,
2014-06-11,Nightingale Lane x 12,Ride,False,35522.80 m,
2014-06-14,Time Trial G10/42 poor ride,Ride,False,16222.30 m,
2014-06-15,Richmond Park 3 easy laps,Ride,False,39748.30 m,
2014-06-17,Evening ride to Oxshott,Ride,False,45847.40 m,
2014-06-18,Richmond Park a couple of laps,Ride,False,28908.80 m,
2014-06-21,Bayeux Race 3,Ride,False,100334.00 m,
2014-06-22,Richmond Park easy lap,Run,False,11611.00 m,0
2014-06-24,Walton Bridge TT,Ride,False,47902.60 m,
2014-06-25,Nightingale Lane x 4 plus a loop,Ride,False,28766.80 m,
2014-06-28,Redhill E/1/2/3 not a bad race 30th,Ride,False,133659.00 m,0
2014-06-29,Windsor with Jamie and Marcus,Ride,False,95191.00 m,
2014-07-01,Brooklands loop,Ride,False,58442.50 m,
2014-07-03,Richmond Park 2 laps,Ride,False,28987.30 m,
2014-07-06,Kitesurfing F4,Kitesurf,False,10000.00 m,
2014-07-09,Evening ride Walton Esher,Ride,False,44441.90 m,
2014-07-13,Bletchingley warm down,Ride,False,8162.00 m,
2014-07-15,Evening ride,Ride,False,41412.50 m,
2014-07-18,MTB with Jamie,Ride,False,26306.40 m,
2014-07-20,Sant Tomas,Ride,False,35310.40 m,
2014-07-22,Sa Roca plus beaches,Ride,False,34276.70 m,
2014-07-25,"25/07/2014 Es Mercadal, PM, Spain",Ride,False,30569.40 m,
2014-07-26,Dynamos 1st group,Ride,False,53595.00 m,
2014-07-31,"Mountain Bike/Hike up Dikeos Kos, Greece",Ride,False,32281.60 m,
2014-08-01,"Mountain biking to windmills Kos, Greece",Ride,False,22497.50 m,
2014-08-03,"Redhill Race, Norwood Hill, bonked on last lap",Ride,False,83872.50 m,
2014-08-05,Richmond Park a couple of laps,Ride,False,29641.00 m,
2014-08-07,Nightingale Lane x 4 plus a loop,Ride,False,37674.20 m,
2014-08-10,Ride London in the rain (shortened route),Ride,False,138427.00 m,
2014-08-12,Easy ride,Ride,False,15974.90 m,
2014-08-14,Richmond Park jog,Run,False,9390.30 m,0
2014-08-16,Richmond Park a couple of laps,Ride,False,26864.10 m,
2014-08-17,Alford 2/3 up there in the sprint for the line,Ride,False,103305.00 m,
2014-08-19,Walton Bridge TT,Ride,False,44362.90 m,
2014-08-21,Richmond Park full lap,Run,False,11569.90 m,0
2014-08-28,Richmond Park one tentative lap,Ride,False,18186.50 m,
2014-08-30,Richmond Park 2 tentative laps,Ride,False,28951.10 m,
2014-09-01,Haute Route Pyrenees Stage 1,Ride,False,93929.70 m,
2014-09-02,Haute Route Pyrenees Stage 2,Ride,False,120832.00 m,
2014-09-03,Haute Route Pyrenees Stage 3,Ride,False,162616.00 m,
2014-09-04,Haute Route Pyrenees Stage 4,Ride,False,121451.00 m,
2014-09-05,Ride down from Tourmalet,Ride,False,37312.70 m,
2014-09-06,Haute Route Pyrenees Stage 6,Ride,False,149930.00 m,
2014-09-07,Haute Route Pyrenees Stage 7,Ride,False,114079.00 m,
2014-09-18,Richmond Park 2 laps,Ride,False,29075.50 m,
2014-09-20,Dynamos 4/5th group?,Ride,False,53645.70 m,
2014-09-21,Richmond Park 2 laps,Ride,False,28943.30 m,
2014-09-24,Barnes jog,Run,False,7213.30 m,0
2014-09-27,Dynamos 3rd group,Ride,False,53658.30 m,
2014-10-01,Richmond Park evening jog,Run,False,6927.00 m,0
2014-10-03,Lunch Run,Run,False,5733.80 m,0
2014-10-04,Dynamos 1st group depleted by club champs,Ride,False,53892.60 m,
2014-10-05,Chertsey ride - easy,Ride,False,60029.00 m,
2014-10-07,Turbo Ventoux 2008 - Sault - Bedoin,Ride,True,39932.50 m,
2014-10-09,Richmond Park full lap road,Run,False,10776.90 m,0
2014-10-11,Dynamos 1st group,Ride,False,53054.60 m,
2014-10-12,MTB with Marcus,Ride,False,26088.80 m,
2014-10-14,Turbo 13 @ 280,Ride,True,33638.40 m,
2014-10-16,Richmond Park full lap road,Run,False,10778.90 m,0
2014-10-18,Kitesurfing,Kitesurf,False,0.00 m,
2014-10-19,Surrey Hills solo ex Leith Hill,Ride,False,102697.00 m,
2014-10-21,Turbo Bike Hill Training 16,Ride,True,38480.80 m,
2014-10-23,Richmond Park short loop easy,Run,False,9016.70 m,0
2014-10-25,Dynamo hill climb plus ride home,Ride,False,41508.80 m,
2014-10-26,Richmond Park 8 hills,Run,False,12783.50 m,0
2014-10-28,Turbo 2x20mins @ 280W,Ride,True,35042.70 m,
2014-10-30,Richmond Park lap - getting quicker,Run,False,10787.70 m,0
2014-11-01,Box Hill route,Run,False,11793.20 m,0
2014-11-02,Bracknell MTB with Optima guys,Ride,False,21976.20 m,
2014-11-04,Turbo 11 @ 330,Ride,True,39334.70 m,
2014-11-06,Richmond Park full lap road,Run,False,10812.60 m,0
2014-11-08,Dynamos 2 laps,Ride,False,33706.10 m,
2014-11-09,Barnes jog,Run,False,7247.80 m,0
2014-11-12,Turbo 2x20mins @ 280W,Ride,True,30881.50 m,
2014-11-13,Nightingale Lane x 8 plus a loop,Run,False,11341.30 m,0
2014-11-15,Dynamos 2nd group,Ride,False,53512.20 m,
2014-11-16,Richmond Wimbledon 20km off road,Run,False,20289.70 m,0
2014-11-20,Barnes jog,Run,False,6603.30 m,0
2014-11-22,Wildman 2014 (13th),Ride,False,34606.40 m,11
2014-11-29,Dynamos 2nd group,Ride,False,53847.10 m,
2014-12-02,Turbo power session BRP 16,Ride,True,29555.00 m,
2014-12-04,"04/12/2014 London, England, United Kingdom",Run,False,6063.30 m,
2014-12-06,Imperial Race 1 - 3rds racing with E12,Ride,False,51134.20 m,
2014-12-15,Ride in the park,Ride,False,28934.50 m,
2014-12-22,Val d'Isere,AlpineSki,False,60830.10 m,
2014-12-23,Val d'Isere,AlpineSki,False,75950.40 m,
2014-12-24,Val-d'Isère dropped EUR50 note,Run,False,4087.20 m,0
2014-12-29,"29/12/2014 Richmond, Greater London, United Kingdom",Run,False,10695.30 m,
2015-01-01,"01/01/2015 London, England, United Kingdom",Run,False,11495.30 m,
2015-01-03,"03/01/2015 London, England, United Kingdom",Run,False,11148.20 m,
2015-01-08,"08/01/2015 London, England, United Kingdom",Run,False,9059.00 m,
2015-01-10,G3,Run,False,10701.60 m,
2015-01-13,Turbo 2x20mins @ 280W,Ride,True,36586.40 m,
2015-01-15,"15/01/2015 London, England, United Kingdom",Run,False,11826.50 m,
2015-01-17,Turbo The Longest Shortcut,Ride,True,60195.80 m,
2015-01-20,Turbo 11 @ 330,Ride,True,40454.90 m,
2015-01-22,Evening Run,Run,False,10873.40 m,0
2015-01-24,Imperial Race 3rds racing with E12,Ride,False,52095.70 m,
2015-01-25,"Windsor on P3 with Dan and Ashley, blast back",Ride,False,103527.00 m,
2015-01-27,Turbo 2x20mins @ 300W,Ride,True,34122.70 m,
2015-01-29,"29/01/2015 London, England, United Kingdom",Run,False,10781.20 m,
2015-01-31,"31/01/2015 London, England, United Kingdom",Run,False,14416.10 m,
2015-02-03,Turbo Chop Suey: Bamboo with rice,Ride,True,20193.70 m,
2015-02-05,"05/02/2015 Richmond, Greater London, United Kingdom",Run,False,6535.10 m,
2015-02-07,Iceman Duathlon,Ride,False,31763.90 m,
2015-02-08,Couple of easy laps on P3,Ride,False,29769.70 m,
2015-02-10,Turbo Ventoux 2008 - Ventoux descent 31km,Ride,False,30956.90 m,
2015-02-12,"12/02/2015 Richmond, Greater London, United Kingdom",Run,False,6598.20 m,
2015-02-14,Citrus Cycling Climb,Ride,False,7191.30 m,
2015-02-16,Citrus Cycling Ride with Adam (and Nicky first part),Ride,False,96627.70 m,
2015-02-17,"Citrus Cycling - cold, wet and very windy",Ride,False,78571.60 m,
2015-02-18,Citrus Cycling 3 peaks - very windy ,Ride,False,91854.70 m,
2015-02-19,"19/02/2015 London, England, United Kingdom",Run,False,7572.50 m,
2015-02-21,"21/02/2015 Richmond, Greater London, United Kingdom",Ride,False,18520.40 m,
2015-02-22,Morning Ride to Weybridge,Ride,False,50756.80 m,
2015-02-24,Turbo 2x20mins @ 300W,Ride,True,39821.80 m,
2015-02-28,Surrey League Longcross race,Ride,False,79691.10 m,
2015-03-01,"01/03/2015 London, England, United Kingdom",Run,False,10293.60 m,
2015-03-04,Gentle loop,Ride,False,18154.20 m,
2015-03-05,Aternoon ride,Ride,False,28984.80 m,
2015-03-07,Dunsfold 3rds,Ride,False,85239.40 m,
2015-03-10,Turbo 11 @ 330,Ride,True,40460.00 m,
2015-03-12,"12/03/2015 London, England, United Kingdom",Run,False,9939.80 m,
2015-03-14,Longcross Race,Ride,False,79146.50 m,
2015-03-15,Ride out to watch Jamie race,Ride,False,76332.10 m,
2015-03-17,Turbo 2x20 under/over,Ride,True,38858.80 m,
2015-03-19,"19/03/2015 London, England, United Kingdom",Run,False,8101.10 m,
2015-03-21,G10/46 punctured,Ride,False,11267.80 m,
2015-03-22,Surrey Hills with Jamie,Ride,False,112331.00 m,
2015-03-24,Turbo 2x20mins @ 280W,Ride,True,40385.40 m,
2015-03-26,"26/03/2015 London, England, United Kingdom",Run,False,10809.10 m,
2015-03-28,Hillingdon Race,Ride,False,53937.60 m,
2015-03-29,"29/03/2015 London, England, United Kingdom",Run,False,11914.20 m,
2015-03-31,Turbo BRI - 18,Ride,True,27619.50 m,
2015-04-02,Richmond Park evening lap,Ride,False,22340.10 m,
2015-04-04,Hillingdon Race - got stuck in a crash and dropped,Ride,False,48771.80 m,
2015-04-05,Ride with Nicky plus one lap,Ride,False,33327.80 m,
2015-04-06,Solo ride to Windsor - Drift Road,Ride,False,113269.00 m,
2015-04-07,Richmond Park couple of laps on P3,Ride,False,29597.70 m,
2015-04-09,"09/04/2015 London, England, United Kingdom",Run,False,10639.60 m,
2015-04-11,Short spin before race,Ride,False,18465.30 m,
2015-04-12,Surrey Hills with Jamie,Ride,False,104100.00 m,
2015-04-14,Esher loop on P3,Ride,False,38054.70 m,
2015-04-15,eWNR,Ride,False,50897.80 m,
2015-04-16,"16/04/2015 London, England, United Kingdom",Run,False,10346.90 m,
2015-04-18,Henley Marlow long fast solo,Ride,False,150921.00 m,
2015-04-20,Richmond Park couple of laps,Ride,False,28977.00 m,
2015-04-22,eWNR 3 laps,Ride,False,40227.20 m,
2015-04-23,"23/04/2015 London, England, United Kingdom",Run,False,8353.20 m,
2015-04-28,Easy ride with Nicky,Ride,False,16471.20 m,
2015-05-02,Richmond Park pre-race spin,Ride,False,28966.90 m,
2015-05-03,LVRC GS Vecchi 5th,Ride,False,81400.00 m,
2015-05-04,"04/05/2015 Richmond, Greater London, United Kingdom",Ride,False,30914.20 m,
2015-05-06,eWNR nobody there!,Ride,False,40139.60 m,
2015-05-07,"07/05/2015 London, England, United Kingdom",Run,False,9395.10 m,
2015-05-09,Richmond Park couple of laps,Ride,False,29202.10 m,
2015-05-10,LVRC Swindon  Lost pedal in the sprint,Ride,False,65080.00 m,
2015-05-12,Walton Bridge on P3,Ride,False,42386.10 m,
2015-05-13,eWNR Chertsey,Ride,False,68260.10 m,
2015-05-14,"14/05/2015 London, England, United Kingdom",Run,False,7190.20 m,
2015-05-16,"G10/57 Time Trial - lost a minute, wrong turn at roundabout",Ride,False,16335.90 m,
2015-05-17,Surrey Hills with Dynamos,Ride,False,112337.00 m,
2015-05-20,eWNR Chertsey,Ride,False,67838.50 m,
2015-05-21,Garmino non-starto,Ride,False,23000.00 m,0
2015-05-23,Addlestone loop,Ride,False,65756.60 m,
2015-05-24,Windsor Dynamos,Ride,False,104133.00 m,
2015-05-25,Nightingale x 12,Ride,False,35968.00 m,
2015-05-27,eWNR just 2 laps - tapering,Ride,False,29421.10 m,
2015-05-30,National Masters Champs,Ride,False,105912.00 m,
2015-05-31,"31/05/2015 London, England, United Kingdom",Run,False,7008.90 m,
2015-06-04,Richmond Park 3 laps - feeling better,Ride,False,39635.50 m,
2015-06-06,Richmond Park easy lap,Ride,False,18104.70 m,
2015-06-07,Tour of Cambridgeshire 5th in age group,Ride,False,133614.00 m,
2015-06-10,eWNR,Ride,False,50989.70 m,
2015-06-13,Eastbourne Criterium  - 5th or 6th,Ride,False,28728.60 m,
2015-06-14,Cutmill Race,Ride,False,59992.10 m,
2015-06-16,Longcross loop solo - nice evening,Ride,False,61761.70 m,
2015-06-18,Richmond Park just one lap P3,Ride,False,18220.20 m,
2015-06-21,London Brighton London,Ride,False,195676.00 m,
2015-06-24,eWNR Chertsey,Ride,False,68257.40 m,
2015-06-25,"25/06/2015 Richmond, Greater London, United Kingdom",Run,False,9195.20 m,
2015-06-27,Jamie's birthday ride,Ride,False,118740.00 m,
2015-06-30,Home from Palace,Ride,False,18060.00 m,
2015-07-03,Tour of Sussex stage 1,Ride,False,58810.50 m,
2015-07-04,Tour of Sussex stage 3 - Beachy Head,Ride,False,3812.80 m,
2015-07-05,Tour of Sussex stage 4,Ride,False,69555.00 m,
2015-07-08,Evening Windsurfing!,Windsurf,False,0.00 m,
2015-07-09,Richmond Park - couple of laps on P3,Ride,False,29251.40 m,
2015-07-11,Arbis Colbert Race - 7th!,Ride,False,76162.00 m,
2015-07-13,Corsica short warm up,Ride,False,28064.10 m,
2015-07-14,"Corsica, Easy ride",Ride,False,17314.00 m,
2015-07-15,"Col d'Ospédale, Corsica ",Ride,False,109428.00 m,
2015-07-16,"Col de Bavella, Corsica",Ride,False,96322.20 m,
2015-07-18,Conca loop,Ride,False,45012.10 m,
2015-07-19,Evening ride with Jamie,Ride,False,29448.20 m,
2015-07-21,Richmond Park 2 laps on P3,Ride,False,29055.50 m,
2015-07-22,eWRN,Ride,False,51114.90 m,
2015-07-25,Went Kitesurfing,Windsurf,False,0.00 m,
2015-07-26,Evening Run,Run,False,8264.20 m,
2015-07-28,New version through Hersham,Ride,False,60718.10 m,
2015-07-29,eWNR,Ride,False,50951.10 m,
2015-08-01,Surrey League Vets Cyclopark 5th,Ride,False,64183.90 m,
2015-08-02,Not the Pru 100,Ride,False,160587.00 m,
2015-08-04,Home from Palace,Ride,False,16870.50 m,
2015-08-08,Down to Chertsey for 10m TT loop,Ride,False,57966.00 m,
2015-08-09,Where was Leith Hill?,Ride,False,117316.00 m,
2015-08-12,Quick spin round the park,Ride,False,18268.90 m,
2015-08-15,TT 2 Up with Jamie - 4th,Ride,False,20406.20 m,
2015-08-16,"Somewhat early, I feel, to do Legs of Steel",Ride,False,160321.00 m,
2015-08-20,"Two laps, six sprints, with Jamie",Ride,False,40847.10 m,
2015-08-22,Short pre-race spin,Ride,False,18663.30 m,
2015-08-23,"SL Sharpthorne - tried solo break, got caught - 7th",Ride,False,89416.40 m,
2015-08-31,Haute Route Dolomites - Stage 1 (most of),Ride,False,157130.00 m,
2015-09-01,Haute Route Stage 2: edited highlights to save Garmin battery!,Ride,False,122624.00 m,
2015-09-02,Haute Route Stage 3 - TT,Ride,False,46618.30 m,
2015-09-03,Haute Route Stage 4 (shortened),Ride,False,80695.30 m,
2015-09-04,Haute Route Stage 5 - only partly recorded before Garmin died,Ride,False,50328.30 m,
2015-09-05,Haute Route Stage 6 (part of) really suffered today,Ride,False,101817.00 m,
2015-09-06,Haute Route stage 7 (most of timed section),Ride,False,97841.20 m,
2015-09-10,Short pre-race spin,Ride,False,18126.30 m,
2015-09-12,Beeline 2/3 race - 20th,Ride,False,90062.90 m,
2015-09-17,Afternoon Ride,Ride,False,18116.10 m,
2015-09-19,Morning Ride,Ride,False,28927.90 m,
2015-09-20,Surrey League Handicap Champs,Ride,False,95088.80 m,
2015-09-25,River loop 2 up,Ride,False,58024.20 m,
2015-09-26,Morning Ride,Ride,False,28894.50 m,
2015-09-27,Milland Hill - about 20th,Ride,False,99159.90 m,
2015-09-28,Lunch Ride,Ride,False,44743.10 m,
2015-09-29,Morning Ride,Ride,False,31597.50 m,
2015-09-30,Timanfaya,Ride,False,46990.00 m,
2015-10-01,Lanzarocky,Ride,False,45621.00 m,
2015-10-02,Mirador del Rio,Ride,False,97809.60 m,
2015-10-03,Afternoon Ride,Ride,False,23069.50 m,
2015-10-04,MTB up a volcano,Ride,False,15402.60 m,
2015-10-05,Tres calderas run,Run,False,7487.80 m,0
2015-10-06,MTB Lanza,Ride,False,19515.40 m,
2015-10-10,Cyclo Park crash ouch!,Ride,False,32558.60 m,
2015-10-11,Segment hunting in the park on P3,Ride,False,19728.90 m,
2015-10-17,Dynamos 3rd group,Ride,False,53385.80 m,
2015-10-18,Morning Run,Run,False,11816.40 m,
2015-10-22,Evening Run,Run,False,10774.20 m,
2015-10-24,Afternoon Ride,Ride,False,15830.40 m,
2015-10-25,Afternoon Ride,Ride,False,18387.00 m,
2015-10-27,Turbo 11 @ 330,VirtualRide,True,56862.60 m,
2015-10-29,Evening Run,Run,False,6570.40 m,
2015-10-31,Home from Hillingdon,Ride,False,17563.00 m,
2015-11-01,Afternoon Ride,Ride,False,30856.40 m,
2015-11-03,Anaerobic 20/40s 10:5:10,VirtualRide,True,31341.70 m,
2015-11-05,turbo Ventoux 2008 - Ventoux descent 31km,VirtualRide,False,30935.80 m,
2015-11-07,Race E123 7th,Ride,False,39790.20 m,
2015-11-08,"Headwind out, headwind home",Ride,False,101881.00 m,
2015-11-11,Ramp Test,Ride,True,23553.90 m,
2015-11-14,Richmond Park full lap with 12 hills,Run,False,17721.70 m,0
2015-11-15,MTB three up,Ride,False,26034.80 m,0
2015-11-17,Buddha's Breakfast,VirtualRide,True,9579.30 m,
2015-11-19,Evening Run - Richmond Dark,Run,False,11029.50 m,
2015-11-21,Lunch Ride,Ride,False,28984.90 m,
2015-11-22,Sandhurst XC 62nd,Run,False,10000.00 m,1
2015-11-24,Paradise Tour,VirtualRide,True,34855.10 m,
2015-11-27,Kitesurf North Sea,Kitesurf,False,0.00 m,
2015-11-28,Kiresurf,NordicSki,False,0.00 m,
2015-12-02,Evening Run,Run,False,6577.60 m,
2015-12-05,Iceman duathlon 13th one second  behind Marcus,Run,False,31248.30 m,0
2015-12-06,December kitesurfing,Kitesurf,False,0.00 m,
2015-12-08,GoldenCircleCriterium,VirtualRide,True,35890.40 m,
2015-12-12,Dynamos 2nd group - power not calibrated,Ride,False,57212.30 m,
2015-12-13,Afternoon Run,Run,False,11561.00 m,
2015-12-15,Ventoux 2008 - Ventoux descent 31km,VirtualRide,False,30927.70 m,
2015-12-20,Afternoon Run,Run,False,6654.80 m,
2015-12-22,Turbo 2 x 20 mins @ 300W,Ride,True,0.00 m,
2015-12-24,Afternoon Run,Run,False,7708.40 m,
2015-12-25,Lunch Ride,Ride,False,19147.50 m,
2015-12-26,Morning Ride,Ride,False,38345.60 m,
2015-12-27,Turbo Alpine Classic 07 - ColduGalibierTT,VirtualRide,False,17532.90 m,
2015-12-28,Ride over for lunch,Ride,False,44172.30 m,
2015-12-31,Afternoon Run,Run,False,6282.30 m,
2016-01-01,Dynamo Windsor - back with Webbo,Ride,False,102471.00 m,
2016-01-02,Lunch Run,Run,False,6615.30 m,
2016-01-07,Turbo 13 @ 280,VirtualRide,True,35597.50 m,
2016-01-09,G3 Race 1 - 18th,Run,False,10789.00 m,1
2016-01-10,Walton 2 up,Ride,False,49012.50 m,
2016-01-11,Evening Ride,Ride,False,11290.50 m,
2016-01-12,Turbo 11 @ 330,VirtualRide,True,37581.00 m,
2016-01-14,Evening Run,Run,False,6585.70 m,
2016-01-16,Dynamos 1st group,Ride,False,53534.10 m,10
2016-01-17,Richmond Park 12 hills,Run,False,13644.40 m,0
2016-01-19,Turbo BRI - 18,VirtualRide,True,29047.80 m,
2016-01-21,Evening Run,Run,False,6564.80 m,
2016-01-23,Dynamos 1st group,Ride,False,53500.00 m,
2016-01-24,Morning Ride,Ride,False,61284.30 m,
2016-01-26,Turbo 2x20mins @ 300W,VirtualRide,True,38910.10 m,
2016-01-28,Evening Run,Run,False,8102.30 m,
2016-01-30,Hillingdon E12 - rolled in with bunch,Ride,False,51722.80 m,11
2016-01-31,"Dark inside, dark outside",Ride,False,30864.20 m,
2016-02-02,Turbo 11 @ 330,VirtualRide,True,48529.90 m,
2016-02-04,Walton loop,Ride,False,43190.10 m,10
2016-02-06,MTB 3 up,Ride,False,20888.70 m,10
2016-02-07,Dynamos Windsor,Ride,False,102675.00 m,10
2016-02-10,Tour of Fontana,VirtualRide,True,17747.30 m,
2016-02-13,Dynamos 2nd group,Ride,False,53571.20 m,10
2016-02-14,Dynamos Windsor,Ride,False,95547.10 m,10
2016-02-16,Turbo 11 @ 330,VirtualRide,True,41295.20 m,
2016-02-18,Evening Run,Run,False,11762.90 m,0
2016-02-20,Dynamos 2nd group,Ride,False,53808.30 m,10
2016-02-21,Dynamos short Surrey Hills through and off,Ride,False,97504.10 m,
2016-02-23,Night Orienteering - route too embarrassing to upload,Ride,False,10000.00 m,
2016-02-25,Turbo 2x20mins @ 300W,VirtualRide,True,36849.40 m,
2016-02-27,Dynamos 2nd group,Ride,False,53630.90 m,10
2016-02-28,Evil new wheels,Ride,False,39809.50 m,10
2016-03-01,Nightingale x12,Ride,False,29283.80 m,10
2016-03-03,Turbo easy Velodrome,VirtualRide,True,23123.20 m,
2016-03-05,Dunsfold 2/3 race - punctured on lap 8,Ride,False,77458.70 m,11
2016-03-06,MTB Grand Onion Canal with Jamie,Ride,False,34294.90 m,
2016-03-08,Turbo 2x20 under/over,VirtualRide,True,41290.20 m,
2016-03-10,Nightingale x12,Ride,False,29534.80 m,10
2016-03-12,Morning Ride,Ride,False,23910.60 m,
2016-03-13,Post race cruise,Ride,False,15011.40 m,10
2016-03-18,"Cervinia Zermatt Day 1: 10,000m vertical",AlpineSki,False,104236.00 m,
2016-03-19,"Cervinia Zermatt Day 2: 12,000 vertical, 100km/h",AlpineSki,False,111263.00 m,
2016-03-20,Cervinia Zermatt Day 3: New max speed,AlpineSki,False,115561.00 m,
2016-03-21,Zermatt Cervinia Day 4: Bump & Jump,AlpineSki,False,106894.00 m,
2016-03-22,"Cervinia Zermatt Day 5: Surf, ski & scoot",AlpineSki,False,95359.90 m,
2016-03-25,Surrey Hills solo,Ride,False,125390.00 m,10
2016-03-26,Dynamos - nasty slide Charlie,Ride,False,53576.60 m,10
2016-03-27,Hike - Marcus navigation - boots died,Ride,False,21419.10 m,10
2016-03-28,Cruise down to Sigma,Ride,False,29124.00 m,10
2016-03-29,Turbo Ventoux 2008 - Ventoux descent 31km,VirtualRide,False,30908.90 m,
2016-03-31,Evening Ride,Ride,False,29431.40 m,
2016-04-02,London Dynamo 2/3 race - well up in the bunch,Ride,False,56323.20 m,11
2016-04-03,Evening Ride,Ride,False,0.00 m,
2016-04-04,Mallorca - Down south and back through the mountains,Ride,False,168418.00 m,10
2016-04-05,Mallorca - Petra coffee and cake,Ride,False,92893.90 m,10
2016-04-06,Mallorca - Around Inca - WIIINDYYY,Ride,False,106174.00 m,10
2016-04-07,Mallorca - Lluc & lighthouse,Ride,False,101618.00 m,10
2016-04-08,Mallorca - Sa Calobra abandoned due to hypothermia!,Ride,False,69274.40 m,
2016-04-09,Afternoon Ride,Ride,False,20263.30 m,
2016-04-10,Surrey Hills Two Up,Ride,False,107116.00 m,10
2016-04-13,Evening Ride,Ride,False,15572.20 m,
2016-04-16,Longcross 2/3,Ride,False,53000.00 m,11
2016-04-17,Surrey Hills small Dynamo group,Ride,False,107783.00 m,
2016-04-19,Richmond Park laps on P3,Ride,False,29655.50 m,
2016-04-21,Isabella jog,Run,False,6182.30 m,
2016-04-23,Dynamos 2nd group,Ride,False,53494.40 m,10
2016-04-24,Lunch Ride,Ride,False,50443.10 m,
2016-04-27,Evening Ride,Ride,False,16173.30 m,
2016-04-28,Isabella jog gates locked,Run,False,6761.90 m,0
2016-04-30,Dynamos 3rd group,Ride,False,53422.30 m,10
2016-05-01,Surrey Hills loopy,Ride,False,120827.00 m,10
2016-05-02,Barnes jog,Run,False,7374.00 m,0
2016-05-03,Nightingale x8,Ride,False,29462.90 m,10
2016-05-04,Sunny Evening Ride with Nicky,Ride,False,19537.30 m,10
2016-05-05,Richmond Park 3 laps,Ride,False,40294.80 m,
2016-05-06,Evening Ride with Nicky again!,Ride,False,20244.00 m,10
2016-05-07,Manchester Velodrome,Ride,False,35000.00 m,
2016-05-08,Evening Ride,Ride,False,19388.50 m,
2016-05-09,Isabella jog ,Run,False,7812.00 m,0
2016-05-11,Evening Ride,Ride,False,15795.20 m,
2016-05-12,Chertsey reverse on P3,Ride,False,59709.90 m,
2016-05-14,Dynamos 1st group,Ride,False,53504.10 m,10
2016-05-17,Richmond Park lactate x2,Ride,False,38809.20 m,10
2016-05-19,Two lap effort ,Ride,False,33855.70 m,10
2016-05-21,In-Debney-fied,Ride,False,53587.80 m,
2016-05-22,Short Surrey Loop,Ride,False,74362.70 m,
2016-05-24,Snakes in the road!,Ride,False,55448.50 m,10
2016-05-25,Evening Ride,Ride,False,15692.50 m,
2016-05-26,Afternoon Ride with Nicky,Ride,False,19444.50 m,
2016-05-27,Swans and cygnets,Ride,False,28771.80 m,10
2016-05-28,National Masters 2016,Ride,False,104299.00 m,11
2016-05-29,Chobham Cobham,Ride,False,84742.10 m,10
2016-05-30,Short Surrey ride with Nicky,Ride,False,33483.20 m,
2016-05-31,Climbing wall,Workout,False,0.00 m,
2016-06-01,Dunsfold vets >50 win,Ride,False,48036.20 m,11
2016-06-02,MTB with Jamie,Ride,False,21880.10 m,10
2016-06-03,Morning Ride,Ride,False,29167.30 m,
2016-06-04,Nocturnal spectating,Ride,False,24597.30 m,10
2016-06-05,SE Regional Champs - made top 20,Ride,False,141704.00 m,10
2016-06-06,Post race spin,Ride,False,39197.40 m,10
2016-06-07,New chain not quite right yet,Ride,False,26148.30 m,10
2016-06-08,Dunsfold vets,Ride,False,49738.10 m,11
2016-06-09,Surrey solo ,Ride,False,107380.00 m,10
2016-06-10,Short spin,Ride,False,28841.00 m,10
2016-06-12,Surrey league failure,Ride,False,23847.50 m,10
2016-06-13,Lunch Ride,Ride,False,28922.80 m,
2016-06-14,Gone kitesurfing,Kitesurf,False,0.00 m,
2016-06-15,Dunsfold vets 3rd,Ride,False,48574.70 m,10
2016-06-16,For goodness brakes,Ride,False,50422.30 m,10
2016-06-17,MTB New Forest,Ride,False,23690.30 m,10
2016-06-18,Around the island out to sea,Ride,False,21944.90 m,10
2016-06-19,Kitesurfing Armada World Record,Kitesurf,False,0.00 m,
2016-06-20,Barnes jog,Run,False,2526.30 m,
2016-06-21,Morning Ride,Ride,False,39605.60 m,
2016-06-22,Evening Ride,Ride,False,15792.10 m,
2016-06-23,Evening Ride,Ride,False,19563.20 m,
2016-06-24,Evening Surrey Ride- flood dodging,Ride,False,88914.70 m,
2016-06-25,Afternoon Ride,Ride,False,18068.90 m,
2016-06-26,"Letchworth ""champions race"" - pummelled by junior national champ",Ride,False,8884.70 m,11
2016-06-27,Afternoon Ride with Jamie,Ride,False,44018.50 m,10
2016-06-28,Morning Ride with Nicky/pre-race spin,Ride,False,30032.50 m,
2016-06-29,Dunsfold vets 2nd - blocked when the break went,Ride,False,38549.10 m,11
2016-06-30,Welsh hills and lakes ,Ride,False,100829.00 m,10
2016-07-01,Welsh Devils and Valleys,Ride,False,100419.00 m,10
2016-07-02,Pre-race spin,Ride,False,17869.70 m,
2016-07-03,Redbourn 2/3 crit - 10th,Ride,False,21506.30 m,11
2016-07-05,Evening Ride,Ride,False,33949.90 m,
2016-07-06,Evening Ride,Ride,False,15626.70 m,
2016-07-07,Snake in Richmond Park,Ride,False,80195.10 m,10
2016-07-08,Gone kitesurfing,Kitesurf,False,5000.00 m,
2016-07-09,Pre-race spin,Ride,False,24304.50 m,10
2016-07-10,Berkhamsted Masters,Ride,False,21876.30 m,11
2016-07-11,Gone kitesurfing,Kitesurf,False,20000.00 m,
2016-07-12,Morning Ride,Ride,False,28853.00 m,
2016-07-13,Dunsfold vets win >50,Ride,False,47966.00 m,11
2016-07-14,Short Surrey Hills with Marcus,Ride,False,83940.70 m,
2016-07-15,Morning Ride,Ride,False,24486.90 m,
2016-07-16,LVRC National Crits,Ride,False,36410.70 m,
2016-07-17,Lunch Ride,Ride,False,29231.80 m,
2016-07-18,Short Surrey Ride with Paul and Chris,Ride,False,100015.00 m,
2016-07-20,Evening Ride,Ride,False,15533.40 m,
2016-07-21,MTB Bracknell,Ride,False,21971.40 m,10
2016-07-22,Evening Ride,Ride,False,30138.10 m,
2016-07-23,Dynamos ,Ride,False,53536.90 m,10
2016-07-24,Morning Ride,Ride,False,85250.10 m,
2016-07-26,Kitesurfing - Hortin - no wind,Kitesurf,False,2000.00 m,
2016-07-27,Kitesurf Lachanau - no wind,Kitesurf,False,5575.60 m,
2016-07-28,Surfing - Hortin,Surfing,False,1000.00 m,
2016-07-29,Afternoon Ride,Ride,False,23037.50 m,
2016-07-30,BC national crit champs ,Ride,False,46869.40 m,11
2016-08-01,Morning Ride,Ride,False,28709.50 m,
2016-08-02,Morning Ride,Ride,False,5467.80 m,
2016-08-03,Evening Ride,Ride,False,15770.80 m,
2016-08-04,Gone kitesurfing ,Kitesurf,False,20000.00 m,
2016-08-05,Windsor ride solo,Ride,False,100953.00 m,10
2016-08-06,Morning Ride,Ride,False,53583.60 m,
2016-08-07,Afternoon Ride,Ride,False,27726.10 m,
2016-08-08,Afternoon Ride,Ride,False,25912.70 m,
2016-08-10,Sellaronda - off-road detour due to Passo Gardena closure,Ride,False,51435.00 m,10
2016-08-11,Passo Giau - Passo Valparolo,Ride,False,88458.10 m,10
2016-08-12,Tre Cime,Ride,False,42869.00 m,10
2016-08-13,Afternoon Hike,Hike,False,3980.50 m,
2016-08-14,Passo Valparolo,Ride,False,56336.70 m,10
2016-08-15,Grappa Valley Recovery Ride,Ride,False,37327.40 m,10
2016-08-16,Monte Grappa ascent via ridge,Ride,False,83448.80 m,10
2016-08-17,Grappa effort,Ride,False,49675.20 m,10
2016-08-18,Grappa valley,Ride,False,33067.00 m,
2016-08-20,Morning Ride,Ride,False,22525.90 m,
2016-08-21,Sharpthorne 2/3 - 18th,Ride,False,129372.00 m,11
2016-08-22,Gone kitesurfing,Kitesurf,False,19368.40 m,
2016-08-23,Morning Ride,Ride,False,46201.40 m,
2016-08-24,Evening Ride,Ride,False,15829.80 m,
2016-08-25,Morning Ride,Ride,False,28798.40 m,
2016-08-27,SL Kermesse - blocked by a crash on 1st lap ,Ride,False,56311.10 m,11
2016-08-28,SL Seale 2/3,Ride,False,97556.90 m,
2016-08-29,Afternoon Ride with Nicky,Ride,False,19407.60 m,
2016-08-30,MTB offroad 3-up,Ride,False,28935.40 m,
2016-08-31,Hillingdon Vets - out of position for the sprint,Ride,False,39809.70 m,11
2016-09-01,Surrey Hills solo - long route,Ride,False,117042.00 m,10
2016-09-02,Morning Ride,Ride,False,25509.70 m,
2016-09-03,Morning Ride,Ride,False,27573.30 m,
2016-09-04,Club Champs - lead out for Jamie,Ride,False,50398.50 m,11
2016-09-05,Isabella jog,Run,False,7367.90 m,
2016-09-06,Quick lap on P3 - 15:59,Ride,False,29587.40 m,
2016-09-07,Evening Ride,Ride,False,36712.20 m,
2016-09-08,Awesome kitesurfing,Kitesurf,False,36885.30 m,
2016-09-09,Morning Ride,Ride,False,23044.90 m,
2016-09-10,Afternoon Ride with Nicky,Ride,False,22230.90 m,
2016-09-11,MTB to summit opposite,Ride,False,21302.80 m,
2016-09-13,Morning MTB to beaches,Ride,False,26147.20 m,
2016-09-14,MTB Short Loop Ses Salines,Ride,False,20279.30 m,
2016-09-15,MTB Ride To Beach,Ride,False,17818.80 m,
2016-09-16,Sant Tomas and back,Ride,False,36530.50 m,
2016-09-17,Lunch Ride,Ride,False,22873.60 m,
2016-09-18,Afternoon Ride with Marcus,Ride,False,45152.60 m,
2016-09-19,Evening Ride,Ride,False,28499.70 m,
2016-09-20,Afternoon Ride,Ride,False,57418.70 m,
2016-09-21,Fab Blast MTB with Marcus,Ride,False,35775.40 m,
2016-09-22,Climbing peaks 2,Ride,False,17906.10 m,
2016-09-23,Morning Ride,Ride,False,22255.90 m,
2016-09-25,Kitesurfing - Aberech Sands - F4,Kitesurf,False,20000.00 m,
2016-09-27,Missed that left turn again,Ride,False,122183.00 m,
2016-09-28,Kitesurfing Hayling Island,Kitesurf,False,54706.10 m,
2016-09-29,Afternoon Ride,Ride,False,44561.00 m,
2016-09-30,Morning Ride,Ride,False,27452.10 m,
2016-10-01,Mallorca Masters - check out the course,Ride,False,20648.40 m,
2016-10-02,Mallorca European Masters Race Cup - 16th,Ride,False,61337.10 m,11
2016-10-03,Mallorca Masters - pre race ride around the course,Ride,False,31534.60 m,
2016-10-04,Vuelta a Mallorca Masters - Stage 1,Ride,False,62261.40 m,11
2016-10-05,Mallorca - TT recce,Ride,False,13992.60 m,
2016-10-06,Vuelta a Mallorca Masters - Stage 3 TT,Ride,False,7077.00 m,11
2016-10-07,Vuelta a Mallorca Masters - Stage 4,Ride,False,62038.80 m,
2016-10-08,"Out to the point, as far as military zone",Ride,False,27931.00 m,10
2016-10-09,Sa Calobra,Ride,False,104564.00 m,10
2016-10-10,Pollensa Potter with Nicky,Ride,False,31853.90 m,
2016-10-11,A long ride for Nicky,Ride,False,47637.30 m,
2016-10-12,To point with Nicky,Ride,False,30166.10 m,
2016-10-14,Afternoon Ride,Ride,False,28615.70 m,
2016-10-15,Morning Ride,Ride,False,34200.90 m,
2016-10-16,Lunch Ride,Ride,False,11309.80 m,
2016-10-17,Afternoon Ride,Ride,False,30692.50 m,
2016-10-18,Afternoon Ride,Ride,False,50117.60 m,
2016-10-19,Westway climbing,RockClimbing,False,0.00 m,
2016-10-20,Afternoon Ride,Ride,False,28859.30 m,
2016-10-21,Morning Ride,Ride,False,28866.40 m,
2016-10-22,Dynamos 2nd group - getting cold now,Ride,False,52609.30 m,
2016-10-23,Kitesurfing - Greatstone F4,Kitesurf,False,30000.00 m,
2016-10-25,Lunch Ride,Ride,False,28836.20 m,
2016-10-26,Lunch Ride,Ride,False,30133.90 m,
2016-10-27,Dynamo Thursday Morning Ride,Ride,False,105466.00 m,
2016-10-28,Lunch Ride,Ride,False,30692.10 m,
2016-10-29,Pre race spin,Ride,False,20705.20 m,10
2016-10-30,Roll back to HQ,Ride,False,7710.60 m,
2016-10-31,Sunny autumn ride,Ride,False,65840.40 m,10
2016-11-01,Richmond Park run,Run,False,11561.80 m,0
2016-11-02,Morning Ride,Ride,False,28843.30 m,
2016-11-03,Dynamo Thursday Morning Ride,Ride,False,105331.00 m,
2016-11-04,Westway climbing,RockClimbing,False,0.00 m,
2016-11-05,Morning Ride,Ride,False,53540.00 m,
2016-11-06,LD Team Training,Ride,False,120924.00 m,
2016-11-07,Lunch Ride,Ride,False,27399.50 m,
2016-11-08,Bad back pain,Ride,False,16170.10 m,
2016-11-11,Swim aaagh! ,Swim,False,1000.00 m,
2016-11-13,A walk in the park,Hike,False,7316.90 m,
2016-11-14,Urgh Swimming again,Swim,False,1000.00 m,
2016-11-15,LD Test Route,Ride,False,12931.70 m,
2016-11-16,Morning Ride,Ride,False,32567.60 m,
2016-11-17,London Dynamo Thursday Ride,Ride,False,105300.00 m,10
2016-11-18,Afternoon Ride,Ride,False,19464.60 m,
2016-11-19,Short Surrey with Jamie - back for the weekend,Ride,False,74678.60 m,
2016-11-21,First turbo of the winter,Ride,True,0.00 m,
2016-11-22,Westway climbing,RockClimbing,False,0.00 m,
2016-11-23,Morning Ride,Ride,False,39557.00 m,
2016-11-24,Missing 30km from today's ride,Ride,False,30000.00 m,10
2016-11-25,Morning Ride,Ride,False,23654.20 m,
2016-11-26,Dynamos 2nd group,Ride,False,54114.40 m,
2016-11-27,LD Race Team Ride,Ride,False,142666.00 m,
2016-11-28,Lunch Ride,Ride,False,19572.50 m,
2016-11-29,Park Run,Run,False,9070.90 m,
2016-11-30,Minus 2 degrees,Ride,False,28963.20 m,
2016-12-01,LD Thursday Ride,Ride,False,105157.00 m,
2016-12-02,Evening Jog,Run,False,5955.60 m,
2016-12-03,LD Saturday Morning Ride,Ride,False,53517.40 m,
2016-12-04,Just a Walton loop - not feeling great,Ride,False,47400.30 m,
2016-12-20,Lunch Ride,Ride,False,30219.00 m,
2016-12-22,Thursday morning ride,Ride,False,107971.00 m,
2016-12-24,Morning Ride,Ride,False,32062.00 m,
2016-12-25,Christmas Crash on Cancellara Corner - no serious damage,Ride,False,30749.50 m,
2016-12-26,Boxing Day MTB,Ride,False,22032.10 m,
2016-12-27,Morning Ride,Ride,False,33608.40 m,
2016-12-28,Jog - tweaked right calf ,Run,False,6621.60 m,0
2016-12-29,MTB,Ride,False,28661.80 m,10
2016-12-30,Morning Ride,Ride,False,28722.50 m,
2016-12-31,LD Saturday Morning Ride,Ride,False,53475.20 m,10
2017-01-01,Morning MTB,Ride,False,25054.90 m,
2017-01-02,Walton Loop with Jamie,Ride,False,43391.30 m,
2017-01-03,MTB with Marcus,Ride,False,34411.80 m,
2017-01-04,Afternoon Ride,Ride,True,0.00 m,
2017-01-05,LD Thursday morning ride,Ride,False,102986.00 m,10
2017-01-06,Westway climbing ,RockClimbing,False,0.00 m,
2017-01-07,LD Saturday Morning Ride,Ride,False,53503.70 m,
2017-01-08,Morning Ride,Ride,False,52135.60 m,
2017-01-09,Spinning,Ride,True,3.40 m,
2017-01-10,Halfway backwards,Ride,False,65266.50 m,
2017-01-11,Lunch Ride,Run,False,6514.00 m,0
2017-01-12,LD Thursday Morning Ride,Ride,False,105414.00 m,
2017-01-13,Westway climbing,RockClimbing,False,0.00 m,
2017-01-14,Turbo - Ventoux 2008 - Sault - Bedoin,VirtualRide,False,39396.00 m,
2017-01-15,Turbo - Milan - SanRemo - FinaleLigure-Imperia,VirtualRide,False,48594.50 m,
2017-01-16,Testing,Ride,False,34011.70 m,
2017-01-17,Puncture city - thanks LD for help,Ride,False,104322.00 m,
2017-01-18,Surrey Hills - icy,Ride,False,88349.20 m,
2017-01-19,Short recovery,Ride,False,30198.10 m,
2017-01-20,Afternoon ride,Ride,False,29389.10 m,
2017-01-21,LD Saturday Morning Ride,Ride,False,63844.70 m,
2017-01-22,Sub zero,Ride,False,62995.80 m,
2017-01-23,Drills,Ride,False,29802.20 m,10
2017-01-24,LD Tuesday Morning Ride,Ride,False,100097.00 m,10
2017-01-25,Turbo 1 hr,VirtualRide,True,23553.20 m,
2017-01-26,Morning Ride,Ride,False,17931.20 m,
2017-01-27,Ski,AlpineSki,False,60000.00 m,
2017-01-28,"Skiing with Kurt, Manu and Alexa",AlpineSki,False,60000.00 m,
2017-01-29,Skiing,AlpineSki,False,80000.00 m,
2017-01-30,Skiing until some idiot took my skis,AlpineSki,False,68566.10 m,
2017-01-31,Snowboarding,Snowboard,False,40000.00 m,
2017-02-01,Skinning up with Kurt,BackcountrySki,False,2940.90 m,
2017-02-02,"Wet Windsor - group out, solo back",Ride,False,100751.00 m,
2017-02-04,Hillingdon E12 - knocked off,Ride,False,35657.00 m,11
2017-02-11,Deer hunting ,Hike,False,5000.00 m,
2017-02-12,Turbo Ventoux 2008 - Gorges de la Nesque Descent,VirtualRide,False,26253.00 m,
2017-02-13,Turbo virtual Chertsey ride,VirtualRide,False,63318.60 m,
2017-02-14,Two painful laps,Ride,False,28756.70 m,
2017-02-15,Turbo Sa Roca,VirtualRide,False,25357.90 m,
2017-02-16,Short Ride with Nicky,Ride,False,16583.40 m,
2017-02-18,"Recovery is long and slow, but 3 laps today",Ride,False,39428.40 m,
2017-02-19,Longcross loop,Ride,False,78628.40 m,
2017-02-20,Lunch Ride,Ride,False,28813.70 m,
2017-02-21,Turbo Sant Tomas,VirtualRide,False,35384.90 m,
2017-02-23,Turbo Mallorca Coastal Ride,VirtualRide,False,28050.50 m,
2017-02-24,Morning Ride,Ride,False,28970.70 m,
2017-02-25,Morning Ride,Ride,False,53588.10 m,
2017-02-26,Turbo Ventoux 2008 - Malaucéne-Montbrun,VirtualRide,False,34192.90 m,
2017-02-27,Turbo Ventoux 2008 - Ventoux descent 31km,VirtualRide,False,30935.20 m,
2017-02-28,Windsor Ride,Ride,False,107225.00 m,
2017-03-02,LD Thursday morning ride,Ride,False,102727.00 m,
2017-03-03,Turbo Ventoux 2008 - Ventoux descent 31km,VirtualRide,False,30969.60 m,
2017-03-04,Morning Ride,Ride,False,41898.80 m,
2017-03-05,Afternoon Ride,Ride,False,23271.10 m,
2017-03-07,Turbo Mallorca Stage 4,VirtualRide,False,62031.60 m,
2017-03-08,Afternoon Ride,Ride,False,28713.90 m,
2017-03-09,LD Thursday Morning Ride,Ride,False,105386.00 m,
2017-03-10,Turbo Velodrome,VirtualRide,True,6937.30 m,
2017-03-11,Morning Ride,Ride,False,51126.30 m,
2017-03-12,Wet in the hills,Ride,False,116218.00 m,
2017-03-13,Lunch Ride,Ride,False,18252.50 m,
2017-03-14,"Nice Surrey Hills route, quick home",Ride,False,113191.00 m,
2017-03-15,Afternoon Ride,Ride,False,28789.60 m,
2017-03-16,LD Thursday Morning Ride,Ride,False,104940.00 m,
2017-03-17,Afternoon ride,Ride,False,29878.40 m,
2017-03-18,LD Saturday Morning Ride,Ride,False,53866.10 m,
2017-03-19,Short Surrey Hills solo,Ride,False,84335.40 m,
2017-03-21,Windsor Ride solo ,Ride,False,103091.00 m,10
2017-03-22,Tentative easy jog,Run,False,6482.50 m,
2017-03-23,Afternoon Spinning,Ride,False,29590.80 m,
2017-03-24,MTB with Kurt,Ride,False,25802.90 m,
2017-03-25,LD Saturday Morning Ride,Ride,False,63606.00 m,
2017-03-26,Lunch Ride,Ride,False,45614.20 m,
2017-03-27,Lunch Ride,Ride,False,17831.70 m,
2017-03-28,Surrey ride,Ride,False,109042.00 m,
2017-03-29,Westway climbing,RockClimbing,False,0.00 m,
2017-03-30,Turbo 2x20mins @ 280W,VirtualRide,True,32274.20 m,
2017-03-31,Quick spin on P3,Ride,False,28835.70 m,
2017-04-01,Morning Ride,Ride,False,28835.30 m,
2017-04-02,LD Surrey ride - Ozzie's loop,Ride,False,110270.00 m,
2017-04-04,Afternoon Ride,Ride,False,27345.60 m,
2017-04-05,Surrey lanes with Jamie ,Ride,False,72482.30 m,10
2017-04-06,Morning Ride,Ride,False,28833.30 m,
2017-04-07,Snowboarding St Anton,Snowboard,False,30000.00 m,
2017-04-08,Snowboarding St Anton,Snowboard,False,50000.00 m,
2017-04-09,Snowboarding St Anton,Snowboard,False,50000.00 m,
2017-04-10,Snowboarding in St Anton,Snowboard,False,40000.00 m,
2017-04-11,Snowboarding St Anton,Snowboard,False,40000.00 m,
2017-04-12,Snowboarding St Anton,Snowboard,False,40000.00 m,
2017-04-13,"Ah, back on the bike again",Ride,False,28847.40 m,
2017-04-14,Afternoon Ride,Ride,False,37467.70 m,
2017-04-15,LD Saturday Morning Ride,Ride,False,53142.60 m,
2017-04-16,Nightingale x 12,Ride,False,35341.00 m,10
2017-04-19,Lunch Ride,Ride,False,18124.40 m,
2017-04-20,Evening Ride,Ride,False,22401.80 m,
2017-04-21,Afternoon Run,Run,False,111.00 m,
2017-04-22,Lunch Ride,Ride,False,23829.60 m,
2017-04-23,Bletchingley,Ride,False,96826.60 m,
2017-04-24,Short sprints,Ride,False,37084.90 m,
2017-04-25,Lunch Ride,Ride,False,19303.70 m,
2017-04-26,Hillingdon Vets,Ride,False,41069.50 m,11
2017-04-27,LD Thursday Morning Ride,Ride,False,105298.00 m,
2017-04-28,MTB Afternoon Ride,Ride,False,24469.50 m,
2017-04-30,LD Surrey ride,Ride,False,115374.00 m,
2017-05-01,Morning Ride - busy in the park,Ride,False,39661.20 m,
2017-05-03,One lap of Dunsfold before puncturing,Ride,False,27229.40 m,11
2017-05-04,Surrey League Handicap - top 15ish,Ride,False,45789.10 m,11
2017-05-05,Ciao Giro,Ride,False,84811.30 m,10
2017-05-06,Morning Ride,Ride,False,32136.90 m,
2017-05-07,Afternoon Ride,Ride,False,18082.90 m,
2017-05-08,Windsor Ride solo ,Ride,False,107411.00 m,
2017-05-09,A couple of sprints,Ride,False,18904.60 m,
2017-05-10,Dunsfold Vets - sprinted much too early,Ride,False,48480.10 m,11
2017-05-11,Handicap series - about 8th,Ride,False,43273.90 m,11
2017-05-12,Afternoon Ride,Ride,False,31675.50 m,
2017-05-13,Afternoon Run,Run,False,8411.50 m,
2017-05-14,LD Surrey ride,Ride,False,91175.70 m,
2017-05-15,Nightingale x 12,Ride,False,35493.20 m,
2017-05-16,Gone Kitesurfing,Kitesurf,False,20000.00 m,
2017-05-17,Dunsfold Vets - about 5th in the pouring rain,Ride,False,38705.10 m,11
2017-05-18,Drizzly Ride,Ride,False,34022.20 m,10
2017-05-19,Sprints x 10,Ride,False,45947.50 m,
2017-05-20,LD Saturday Morning Ride,Ride,False,53637.00 m,
2017-05-21,LD Surrey Hills reverse,Ride,False,118356.00 m,10
2017-05-23,Lunch Ride,Ride,False,29260.30 m,
2017-05-24,Dunsfold Vets - got in the break - 2nd >50,Ride,False,48395.50 m,11
2017-05-25,LD Thursday Morning Ride,Ride,False,107259.00 m,
2017-05-27,Morning Ride,Ride,False,24991.70 m,
2017-05-28,Lunch Ride,Ride,False,6608.80 m,
2017-05-29,Lunch Ride,Ride,False,24213.00 m,
2017-05-31,Dunsfold Vets - bunch,Ride,False,53070.40 m,11
2017-06-01,Henley Hundred - fast 2-up with Joe,Ride,False,161029.00 m,10
2017-06-02,White Spider,RockClimbing,False,0.00 m,
2017-06-03,Morning Ride,Ride,False,33510.90 m,
2017-06-04,Kitesurfing F3-4,Kitesurf,False,37279.10 m,
2017-06-05,A few sprints,Ride,False,29022.00 m,
2017-06-06,White Spider,RockClimbing,False,0.00 m,
2017-06-07,Evening Ride,Ride,False,15577.50 m,
2017-06-08,Morning Ride,Ride,False,104894.00 m,
2017-06-09,Mammoth kitesurfing session,Kitesurf,False,40000.00 m,
2017-06-10,Short session until the wind dropped,Kitesurf,False,10000.00 m,
2017-06-11,Epic conditions at Hayling,Kitesurf,False,30624.90 m,
2017-06-12,12 efforts,Ride,False,51273.80 m,
2017-06-14,Dunsfold Vets - 5th,Ride,False,48265.90 m,11
2017-06-15,Kitesurfing session,Kitesurf,False,49660.20 m,
2017-06-16,Down to Chertsey for 10m TT loop,Ride,False,80237.60 m,
2017-06-17,LD Saturday Morning Ride,Ride,False,53524.90 m,
2017-06-18,LD London Brighton London,Ride,False,185840.00 m,10
2017-06-19,Afternoon Ride,Ride,False,26191.10 m,
2017-06-20,Evening Ride,Ride,False,28036.00 m,
2017-06-21,Evening Ride,Ride,False,15722.60 m,
2017-06-22,LD Thursday Morning Ride,Ride,False,100826.00 m,
2017-06-23,Hayling Island F5-F6,Kitesurf,False,32056.10 m,
2017-06-25,Surrey League 2/3 - finished 2nd in the bunch with about 9 away,Ride,False,104444.00 m,11
2017-06-26,Morning Ride,Ride,False,23458.00 m,
2017-06-27,Morning Ride,Ride,False,111359.00 m,10
2017-06-28,Morning Run,Run,False,8191.00 m,
2017-06-29,Evening Ride,Ride,False,31859.70 m,
2017-07-01,Portsmouth race - one to forget,Ride,False,42387.60 m,11
2017-07-02,Lunch Ride,Ride,False,39284.50 m,
2017-07-03,Afternoon Ride,Ride,False,74347.20 m,
2017-07-04,Evening Ride,Ride,False,18380.60 m,
2017-07-05,Evening Ride,Ride,False,15697.50 m,
2017-07-06,LD Thursday Morning Ride,Ride,False,107347.00 m,
2017-07-07,Evening Ride,Ride,False,33604.00 m,
2017-07-08,Race support ,Ride,False,19448.10 m,
2017-07-09,Redbourn vets - bunch - Hard doing two races in two hours,Ride,False,29319.90 m,11
2017-07-11,Morning Ride,Ride,False,39241.80 m,
2017-07-12,Dunsfold Vets - 3rd >50,Ride,False,48206.10 m,11
2017-07-13,LD Thursday Morning Ride,Ride,False,105557.00 m,
2017-07-14,Afternoon Ride,Ride,False,25670.80 m,
2017-07-15,White Spider,RockClimbing,False,0.00 m,
2017-07-16,Afternoon Ride,Ride,False,33356.70 m,
2017-07-17,Afternoon Ride,Ride,False,86903.70 m,
2017-07-18,Afternoon Ride,Ride,False,18046.40 m,
2017-07-19,Evening Ride,Ride,False,15681.90 m,
2017-07-20,Beats working,Ride,False,112450.00 m,10
2017-07-23,Morning Ride,Ride,False,29071.80 m,
2017-07-24,Nightingale x 12,Ride,False,35643.50 m,
2017-07-25,Jog/scramble through the bushes!,Run,False,6177.80 m,
2017-07-26,"Nice airfield, but no-one to race",Ride,False,33452.70 m,
2017-07-27,SL Handicap - bunch,Ride,False,36807.20 m,11
2017-07-28,Afternoon Ride,Ride,False,13078.00 m,
2017-07-29,Epsom 10m TT G10/57 22:15,Ride,False,15806.60 m,
2017-07-30,Hayling Island 20 knots,Kitesurf,False,25250.90 m,
2017-07-31,Couple of quick laps - very windy,Ride,False,33884.80 m,
2017-08-01,Evening Ride,Ride,False,16764.30 m,
2017-08-02,Hillingdon Vets - combined 10th,Ride,False,45985.40 m,
2017-08-03,Intervals at VO2max,Ride,False,33965.50 m,
2017-08-04,Headwind Tailwind,Ride,False,58217.20 m,
2017-08-05,Morning Ride,Ride,False,19126.70 m,
2017-08-06,SL Handcross 2/3 - bunch,Ride,False,107133.00 m,
2017-08-08,Evening Ride,Ride,False,15702.10 m,
2017-08-09,Turbo - Monaco descent,VirtualRide,False,32386.60 m,
2017-08-10,Afternoon Ride,Ride,False,28814.90 m,
2017-08-11,Afternoon Ride,Ride,False,16735.80 m,
2017-08-12,"National Crit Champs - knocked off, nasty road rash",Ride,False,29154.60 m,
2017-08-15,Standing Ride (seated not possible),Ride,False,22728.00 m,
2017-08-17,Afternoon Ride,Ride,False,44383.60 m,
2017-08-18,Lunch Ride,Ride,False,22118.30 m,
2017-08-19,Morning Ride,Ride,False,35188.00 m,
2017-08-20,Morning Ride,Ride,False,29319.20 m,
2017-08-21,Afternoon Ride,Ride,False,21545.90 m,
2017-08-22,Afternoon Ride,Ride,False,9177.50 m,
2017-08-23,Evening Ride,Ride,False,17010.60 m,
2017-08-24,Morning Ride,Ride,False,27589.00 m,
2017-08-26,LD Saturday Morning Ride,Ride,False,53242.20 m,
2017-08-27,Vineyards tempo with Jamie,Ride,False,92946.50 m,10
2017-08-28,Windsor with Dan,Ride,False,105318.00 m,
2017-08-30,Hillingdon Vets 3rd + prime,Ride,False,36711.80 m,11
2017-08-31,MTB with Marcus,Ride,False,20118.70 m,
2017-09-01,Morning Ride,Ride,False,28519.00 m,
2017-09-02,Lunch Ride,Ride,False,22053.30 m,
2017-09-03,LVRC National Crit Champs - bunch ,Ride,False,42965.10 m,11
2017-09-04,Afternoon Run,Run,False,6692.80 m,
2017-09-05,Morning Ride with the boys,Ride,False,100766.00 m,
2017-09-06,Kitesurf gusty 16-20 knots,Kitesurf,False,15000.00 m,
2017-09-07,Kitesurf 30 knots,Kitesurf,False,20000.00 m,
2017-09-08,Kitesurfing in 30 knots again - very cold,Kitesurf,False,15000.00 m,
2017-09-09,"When everything goes wrong, just ride",Ride,False,40960.40 m,
2017-09-10,Kitesurfing impossible 45 knot gusts,Kitesurf,False,5000.00 m,
2017-09-11,Kitesurf 28 knots,Kitesurf,False,20000.00 m,
2017-09-12,Nothing Toulouse,Run,False,8626.70 m,
2017-09-13,Evening Ride,Ride,False,16054.60 m,
2017-09-14,Hayling F3/4,Kitesurf,False,22938.90 m,
2017-09-15,Morning Ride,Ride,False,26564.90 m,
2017-09-16,Afternoon Ride,Ride,False,13003.80 m,
2017-09-19,Sa Roca El Toro,Ride,False,32020.10 m,
2017-09-20,Lunch Run / Explore,Run,False,5358.20 m,
2017-09-21,St Tomas effort back,Ride,False,40712.70 m,
2017-09-23,LD Saturday morning ride,Ride,False,53415.40 m,10
2017-09-24,Gorgeous,Ride,False,86808.80 m,10
2017-09-25,Afternoon Run,Run,False,7328.50 m,
2017-09-26,Sunny Surrey Solo,Ride,False,114724.00 m,
2017-09-27,Afternoon Ride,Ride,False,29202.90 m,
2017-09-29,Turbo 20mins@280,Ride,False,19184.10 m,
2017-09-30,LD Saturday Morning Ride,Ride,False,53570.80 m,
2017-10-01,Surrey - tempo efforts up two long hills,Ride,False,106391.00 m,
2017-10-02,Lunch Run,Run,False,6786.30 m,
2017-10-03,Indian Summer,Ride,False,97106.40 m,10
2017-10-04,Afternoon Ride,Ride,False,38896.00 m,
2017-10-05,Some intervals,Ride,False,42334.20 m,
2017-10-06,Windsor to visit Arnaud,Ride,False,103607.00 m,10
2017-10-07,LD Saturday Morning Ride,Ride,False,53506.80 m,
2017-10-09,40-20 20-40,Ride,False,32809.00 m,
2017-10-10,Afternoon Ride,Ride,False,28847.70 m,
2017-10-11,Nightingale x 12,Ride,False,30579.20 m,
2017-10-12,African adventure,Ride,False,28306.60 m,10
2017-10-13,Bath loop,Ride,False,30754.20 m,
2017-10-15,Pre Race Spin,Ride,False,34055.30 m,10
2017-10-16,European Masters Cup - 5th in age group,Ride,False,61791.40 m,11
2017-10-17,Masters Tour of Mallorca Stage 1,Ride,False,62289.80 m,11
2017-10-18,Masters Tour of Mallorca Stage 2 - BAD DAY :(,Ride,False,70480.20 m,11
2017-10-19,Masters Tour of Mallorca Stage 3 -TT Decent ride on road bike - 14th,Ride,False,7207.40 m,11
2017-10-20,Masters Tour of Mallorca Stage 4 - bunch finish,Ride,False,61801.00 m,11
2017-10-21,Lighthouse,Ride,False,51992.30 m,
2017-10-22,RP 5km loop,Run,False,6067.30 m,
2017-10-23,Morning Ride,Ride,False,26388.40 m,
2017-10-24,Lunch Ride,Ride,False,27263.50 m,
2017-10-25,Leith Hill Climb recce,Ride,False,111146.00 m,
2017-10-26,Put a smile on his face,Run,False,8531.40 m,
2017-10-28,Ride home,Ride,False,45720.90 m,
2017-10-29,Afternoon Ride,Ride,False,27398.00 m,
2017-10-30,Morning Run,Run,False,6663.30 m,
2017-10-31,Just The Washing Instruction Chip In Life's Rich Tapestry,Ride,False,100174.00 m,
2017-11-01,MTB with Nicky,Ride,False,11298.90 m,
2017-11-02,Morning Ride,Ride,False,28859.40 m,
2017-11-03,Spinning with Robin,Ride,False,40163.30 m,
2017-11-04,White Spider,RockClimbing,False,0.00 m,
2017-11-05,Morning Ride,Ride,True,8223.40 m,
2017-11-06,Afternoon Run,Run,False,6111.20 m,
2017-11-07,Arboreal seasonal anomaly,Ride,False,94028.50 m,10
2017-11-08,Afternoon Ride,Ride,False,26345.70 m,
2017-11-09,Morning Run,Run,False,11629.90 m,
2017-11-10,Afternoon Ride,Ride,False,28915.10 m,
2017-11-11,White Spider,RockClimbing,False,0.00 m,
2017-11-12,Spin it up,Ride,False,28951.30 m,
2017-11-13,MTB on the commons ,Ride,False,25000.00 m,
2017-11-14,Surrey solo,Ride,False,88073.40 m,
2017-11-15,Afternoon Run,Run,False,9855.10 m,
2017-11-16,LD Thursday Windsor Ride,Ride,False,105224.00 m,
2017-11-18,LD Saturday Morning Ride,Ride,False,53572.50 m,
2017-11-19,Morning Ride,Ride,False,26646.70 m,
2017-11-20,Nightingale x 12,Ride,False,36806.90 m,
2017-11-21,LD Surrey ride,Ride,False,90606.00 m,10
2017-11-22,Afternoon Run,Run,False,9778.60 m,
2017-11-23,Afternoon Run,Run,False,6056.30 m,
2017-11-24,Morning Ride,Ride,False,48651.00 m,
2017-11-25,LD Saturday Morning Ride,Ride,False,53515.40 m,
2017-11-26,Riko's Aufwiedersehen Ride,Ride,False,141206.00 m,10
2017-11-28,Surrey solo,Ride,False,86872.20 m,
2017-11-30,LD Windsor ride,Ride,False,100270.00 m,
2017-12-01,Morning Run,Run,False,11515.80 m,
2017-12-02,LD Saturday Morning Ride,Ride,False,64352.30 m,
2017-12-03,Windsor quick two-up with Ioan,Ride,False,104208.00 m,
2017-12-05,"LD Tuesday short, easy Surrey",Ride,False,66859.10 m,
2017-12-06,White Spider,RockClimbing,False,0.00 m,
2017-12-07,BC FTP PROTOCOL,VirtualRide,True,31313.80 m,
2017-12-08,Morning Ride,Ride,False,26060.70 m,10
2017-12-09,Feeling a bit sick,Ride,False,29229.50 m,10
